Class,Pixel Count
class_0,36.858019147600444
class_1,16.86888376871745
class_2,6.111811683291481
class_3,0.28774624779110863
class_4,5.672965276808966
class_5,0.8772659301757811
class_6,0.31569163004557294
class_7,0.122787838890439
class_8,0.02807798839750744
class_9,0.0911530994233631
class_10,0.09795597621372767
class_11,0.02807253882998512
class_12,0.384797595796131
class_13,0.3218805222284226
class_14,10.17310006277902
class_15,7.976599193754651
class_16,13.783191499255953
